NLOC,CCN,token,PARAM,length,location,file,function,long_name,start,end
6,8,72,1,6,"ottr::DateFilter::includes@5-10@src/model.cpp","src/model.cpp","ottr::DateFilter::includes","ottr::DateFilter::includes( const Date & d) const",5,10
3,1,14,0,3,"ottr::World::current_day@12-14@src/model.cpp","src/model.cpp","ottr::World::current_day","ottr::World::current_day()",12,14
3,1,21,1,4,"ottr::CalculationOptions::validate@5-8@src/options.cpp","src/options.cpp","ottr::CalculationOptions::validate","ottr::CalculationOptions::validate( [ [ maybe_unused ] ] std :: string & error_message) const",5,8
18,4,90,3,18,"ottr::CalculationOptions::parse_rounding@10-27@src/options.cpp","src/options.cpp","ottr::CalculationOptions::parse_rounding","ottr::CalculationOptions::parse_rounding( const std :: string & s , RoundingMode & out , std :: string & error_message)",10,27
18,4,90,3,18,"ottr::CalculationOptions::parse_aggregation@29-46@src/options.cpp","src/options.cpp","ottr::CalculationOptions::parse_aggregation","ottr::CalculationOptions::parse_aggregation( const std :: string & s , AggregationMode & out , std :: string & error_message)",29,46
40,16,316,1,43,"ottr::tokenize_line@12-54@src/parser.cpp","src/parser.cpp","ottr::tokenize_line","ottr::tokenize_line( const std :: string & line)",12,54
6,1,60,3,6,"ottr::ParserLogger::log_debug@56-61@src/parser.cpp","src/parser.cpp","ottr::ParserLogger::log_debug","ottr::ParserLogger::log_debug( const std :: string & path , const int line_no , const std :: string & msg)",56,61
6,1,60,3,6,"ottr::ParserLogger::log_error@62-67@src/parser.cpp","src/parser.cpp","ottr::ParserLogger::log_error","ottr::ParserLogger::log_error( const std :: string & path , const int line_no , const std :: string & msg)",62,67
3,1,10,0,3,"ottr::ParserLogger::get_errors@69-71@src/parser.cpp","src/parser.cpp","ottr::ParserLogger::get_errors","ottr::ParserLogger::get_errors()",69,71
3,1,10,0,3,"ottr::ParserLogger::get_debug@73-75@src/parser.cpp","src/parser.cpp","ottr::ParserLogger::get_debug","ottr::ParserLogger::get_debug()",73,75
3,1,15,0,3,"ottr::ParserLogger::empty_err@77-79@src/parser.cpp","src/parser.cpp","ottr::ParserLogger::empty_err","ottr::ParserLogger::empty_err() const",77,79
12,3,76,1,12,"ottr::ParserLogger::find_err@81-92@src/parser.cpp","src/parser.cpp","ottr::ParserLogger::find_err","ottr::ParserLogger::find_err( const std :: string & q) const",81,92
41,8,356,4,51,"ottr::parse_istream@94-144@src/parser.cpp","src/parser.cpp","ottr::parse_istream","ottr::parse_istream( std :: istream & in , const std :: string & source_name , World & world , ParserLogger & log)",94,144
8,2,62,3,8,"ottr::parse_file@146-153@src/parser.cpp","src/parser.cpp","ottr::parse_file","ottr::parse_file( const std :: string & path , World & world , ParserLogger & log)",146,153
9,1,37,3,9,"ottr::DirectiveParser::DirectiveParser@155-163@src/parser.cpp","src/parser.cpp","ottr::DirectiveParser::DirectiveParser","ottr::DirectiveParser::DirectiveParser( const std :: string & source_name , struct World & world , ParserLogger & log)",155,163
5,1,31,3,5,"ottr::ChargeDirectiveParser::ChargeDirectiveParser@165-169@src/parser.cpp","src/parser.cpp","ottr::ChargeDirectiveParser::ChargeDirectiveParser","ottr::ChargeDirectiveParser::ChargeDirectiveParser( const std :: string & source_name , struct World & world , ParserLogger & log)",165,169
5,1,31,3,5,"ottr::TaskDirectiveParser::TaskDirectiveParser@171-175@src/parser.cpp","src/parser.cpp","ottr::TaskDirectiveParser::TaskDirectiveParser","ottr::TaskDirectiveParser::TaskDirectiveParser( const std :: string & source_name , struct World & world , ParserLogger & log)",171,175
5,1,31,3,5,"ottr::WeightDirectiveParser::WeightDirectiveParser@177-181@src/parser.cpp","src/parser.cpp","ottr::WeightDirectiveParser::WeightDirectiveParser","ottr::WeightDirectiveParser::WeightDirectiveParser( const std :: string & source_name , struct World & world , ParserLogger & log)",177,181
5,1,31,3,5,"ottr::DayDirectiveParser::DayDirectiveParser@183-187@src/parser.cpp","src/parser.cpp","ottr::DayDirectiveParser::DayDirectiveParser","ottr::DayDirectiveParser::DayDirectiveParser( const std :: string & source_name , struct World & world , ParserLogger & log)",183,187
5,1,31,3,5,"ottr::LogDirectiveParser::LogDirectiveParser@189-193@src/parser.cpp","src/parser.cpp","ottr::LogDirectiveParser::LogDirectiveParser","ottr::LogDirectiveParser::LogDirectiveParser( const std :: string & source_name , struct World & world , ParserLogger & log)",189,193
5,1,31,3,5,"ottr::OptionDirectiveParser::OptionDirectiveParser@195-199@src/parser.cpp","src/parser.cpp","ottr::OptionDirectiveParser::OptionDirectiveParser","ottr::OptionDirectiveParser::OptionDirectiveParser( const std :: string & source_name , struct World & world , ParserLogger & log)",195,199
24,7,266,2,24,"ottr::ChargeDirectiveParser::parse@201-224@src/parser.cpp","src/parser.cpp","ottr::ChargeDirectiveParser::parse","ottr::ChargeDirectiveParser::parse( const int line_no , const std :: vector<Token> & tokens)",201,224
12,4,149,2,12,"ottr::TaskDirectiveParser::parse@226-237@src/parser.cpp","src/parser.cpp","ottr::TaskDirectiveParser::parse","ottr::TaskDirectiveParser::parse( const int line_no , const std :: vector<Token> & tokens)",226,237
12,5,148,2,13,"ottr::WeightDirectiveParser::parse@239-251@src/parser.cpp","src/parser.cpp","ottr::WeightDirectiveParser::parse","ottr::WeightDirectiveParser::parse( const int line_no , const std :: vector<Token> & tokens)",239,251
12,6,148,2,13,"ottr::DayDirectiveParser::parse@253-265@src/parser.cpp","src/parser.cpp","ottr::DayDirectiveParser::parse","ottr::DayDirectiveParser::parse( const int line_no , const std :: vector<Token> & tokens)",253,265
26,12,339,2,27,"ottr::LogDirectiveParser::parse@267-293@src/parser.cpp","src/parser.cpp","ottr::LogDirectiveParser::parse","ottr::LogDirectiveParser::parse( const int line_no , const std :: vector<Token> & tokens)",267,293
31,8,268,2,34,"ottr::OptionDirectiveParser::parse@295-328@src/parser.cpp","src/parser.cpp","ottr::OptionDirectiveParser::parse","ottr::OptionDirectiveParser::parse( const int line_no , const std :: vector<Token> & tokens)",295,328
10,4,82,1,10,"ottr::DirectiveParser::ensure_day_closed@330-339@src/parser.cpp","src/parser.cpp","ottr::DirectiveParser::ensure_day_closed","ottr::DirectiveParser::ensure_day_closed( const int lno)",330,339
6,1,37,1,6,"print_usage@13-18@src/main.cpp","src/main.cpp","print_usage","print_usage( const char * prog)",13,18
66,17,491,2,78,"main@20-97@src/main.cpp","src/main.cpp","main","main( int argc , char ** argv)",20,97
1,1,9,0,1,"ottr::Aggregator::dates@14-14@src/aggregator.hpp","src/aggregator.hpp","ottr::Aggregator::dates","ottr::Aggregator::dates() const",14,14
1,1,9,0,1,"ottr::Aggregator::snapshot@16-16@src/aggregator.hpp","src/aggregator.hpp","ottr::Aggregator::snapshot","ottr::Aggregator::snapshot() const",16,16
7,2,72,1,7,"ottr::sorted_charge_ids@10-16@src/report.cpp","src/report.cpp","ottr::sorted_charge_ids","ottr::sorted_charge_ids( const World & world)",10,16
5,1,53,1,5,"ottr::ticks_to_fixed@18-22@src/report.cpp","src/report.cpp","ottr::ticks_to_fixed","ottr::ticks_to_fixed( Tick t)",18,22
39,11,482,4,43,"ottr::compute_widths@24-66@src/report.cpp","src/report.cpp","ottr::compute_widths","ottr::compute_widths( const World & world , const Aggregation & agg , std :: map<std::string,size_t> & colw , std :: vector<std::string> & headers)",24,66
11,3,150,3,11,"ottr::append_row@68-78@src/report.cpp","src/report.cpp","ottr::append_row","ottr::append_row( std :: ostringstream & oss , const std :: vector<std::pair<std::string,std::string>> & cols , const std :: map<std::string,size_t> & colw)",68,78
46,9,474,2,51,"ottr::render_full_table@80-130@src/report.cpp","src/report.cpp","ottr::render_full_table","ottr::render_full_table( const World & world , const Aggregation & agg)",80,130
31,7,365,3,37,"ottr::render_single_day_table@132-168@src/report.cpp","src/report.cpp","ottr::render_single_day_table","ottr::render_single_day_table( const World & world , const Aggregation & agg , const Date & day)",132,168
17,12,217,2,18,"ottr::parse_mmdd@8-25@src/util.cpp","src/util.cpp","ottr::parse_mmdd","ottr::parse_mmdd( const std :: string & s , Date & out)",8,25
5,2,45,2,5,"ottr::try_parse_double@27-31@src/util.cpp","src/util.cpp","ottr::try_parse_double","ottr::try_parse_double( const std :: string & s , double & out)",27,31
5,2,48,2,5,"ottr::try_parse_ll@33-37@src/util.cpp","src/util.cpp","ottr::try_parse_ll","ottr::try_parse_ll( const std :: string & s , long long & out)",33,37
6,2,63,3,6,"ottr::Aggregator::add@5-10@src/aggregator.cpp","src/aggregator.cpp","ottr::Aggregator::add","ottr::Aggregator::add( const Date & d , const std :: string & charge_id , Tick ticks)",5,10
4,2,43,1,4,"ottr::Aggregator::total_for_charge@12-15@src/aggregator.cpp","src/aggregator.cpp","ottr::Aggregator::total_for_charge","ottr::Aggregator::total_for_charge( const std :: string & charge_id) const",12,15
6,3,77,2,6,"ottr::Aggregator::by_day_for_charge@17-22@src/aggregator.cpp","src/aggregator.cpp","ottr::Aggregator::by_day_for_charge","ottr::Aggregator::by_day_for_charge( const std :: string & charge_id , const std :: string & date_raw) const",17,22
4,2,43,1,4,"ottr::Aggregator::total_for_day@24-27@src/aggregator.cpp","src/aggregator.cpp","ottr::Aggregator::total_for_day","ottr::Aggregator::total_for_day( const std :: string & date_raw) const",24,27
4,1,29,1,4,"ottr::Aggregator::set_dates@29-32@src/aggregator.cpp","src/aggregator.cpp","ottr::Aggregator::set_dates","ottr::Aggregator::set_dates( std :: vector<Date> d)",29,32
121,45,997,2,153,"ottr::allocate_weighted@13-165@src/alloc.cpp","src/alloc.cpp","ottr::allocate_weighted","ottr::allocate_weighted( const AllocationRequest & req , RoundingMode rounding)",13,165
38,15,339,2,44,"ottr::Validator::validate_world@7-50@src/validate.cpp","src/validate.cpp","ottr::Validator::validate_world","ottr::Validator::validate_world( const std :: string & file , const World & world)",7,50
6,1,60,3,6,"ottr::Validator::log_debug@52-57@src/validate.cpp","src/validate.cpp","ottr::Validator::log_debug","ottr::Validator::log_debug( const std :: string & path , const int line_no , const std :: string & msg)",52,57
6,1,60,3,6,"ottr::Validator::log_error@58-63@src/validate.cpp","src/validate.cpp","ottr::Validator::log_error","ottr::Validator::log_error( const std :: string & path , const int line_no , const std :: string & msg)",58,63
3,1,10,0,3,"ottr::Validator::get_errors@65-67@src/validate.cpp","src/validate.cpp","ottr::Validator::get_errors","ottr::Validator::get_errors()",65,67
3,1,10,0,3,"ottr::Validator::get_debug@69-71@src/validate.cpp","src/validate.cpp","ottr::Validator::get_debug","ottr::Validator::get_debug()",69,71
3,1,15,0,3,"ottr::Validator::empty_err@73-75@src/validate.cpp","src/validate.cpp","ottr::Validator::empty_err","ottr::Validator::empty_err() const",73,75
12,3,76,1,12,"ottr::Validator::find_err@77-88@src/validate.cpp","src/validate.cpp","ottr::Validator::find_err","ottr::Validator::find_err( const std :: string & q) const",77,88
5,1,46,1,6,"ottr::hours_to_ticks@12-17@src/util.hpp","src/util.hpp","ottr::hours_to_ticks","ottr::hours_to_ticks( double h)",12,17
6,2,65,4,6,"ottr::add_allocation@18-23@src/engine.cpp","src/engine.cpp","ottr::add_allocation","ottr::add_allocation( Aggregation & agg , const Date & d , const std :: string & cid , Tick ticks)",18,23
138,37,1261,4,171,"ottr::process_world@25-195@src/engine.cpp","src/engine.cpp","ottr::process_world","ottr::process_world( const World & world , const EngineOptions & opts , Aggregation & out , [ [ maybe_unused ] ] std :: string & error_message)",25,195
